{
    "parent": "item/generated",
    "textures": {
        "layer0": "items/diamond_pickaxe"
	},
	"display": {
		"thirdperson_righthand": {
			"rotation": [4, -86, 45],
			"translation": [-0.25, 2.5, 1.4],
			"scale": [1.3, 1.3, 1.3]
		},
		"thirdperson_lefthand": {
			"rotation": [4, -86, 45],
			"translation": [-0.25, 2.5, 1.4],
			"scale": [-1.3, 1.3, 1.3]
		},
		"firstperson_righthand": {
			"rotation": [-22, -96, 25],
			"translation": [1.25, 4, 0.25],
			"scale": [1.05, 1.05, 1.05]
		},
		"firstperson_lefthand": {
			"rotation": [-22, -96, 25],
			"translation": [1.25, 4, 0.25],
			"scale": [-1.05, 1.05, 1.05]
		},
		"ground": {
			"scale": [1.1, 1.1, 1.1]
		},
		"gui": {
			"scale": [1.2, 1.2, 1.2]
		},
		"fixed": {
			"scale": [1.2, 1.2, 1.2]
		}
	}
}