{
    "parent": "item/generated",
    "textures": {
        "layer0": "items/gold_ingot"
	},
	
	"display": {
		"thirdperson_righthand": {
			"rotation": [0, 90, 42],
			"translation": [0, 2.75, 0.75],
			"scale": [0.5, 0.5, 0.5]
		},
		"thirdperson_lefthand": {
			"rotation": [90, -90, 42],
			"translation": [0, 2.75, 0.75],
			"scale": [0.5, 0.5, 0.5]
		},
		"firstperson_righthand": {
			"rotation": [0, 90, 25],
			"translation": [1.13, 3.5, 1.13],
			"scale": [0.7, 0.7, 0.7]
		},
		"firstperson_lefthand": {
			"rotation": [0, -90, -25],
			"translation": [1.13, 3.2, 1.13],
			"scale": [0.7, 0.7, 0.7]
		},
		"ground": {
			"rotation": [180, 0, -90],
            "scale": [0.7, 0.7, 0.7]
		}
	}
}

