{
    "__createdwith": "opl's Model Creator",
    "ambientocclusion": false,
   "textures": {
        "wand1": "items/thunder3_wrap1",
        "wand2": "items/thunder3_wrap2",
        "bolt": "items/thunderbolt"
    },
    "display": {
        "firstperson_righthand": {
            "rotation": [ 0, 45, 0 ],
            "translation": [ 2, 1, 0 ],
            "scale": [ 0.65, 0.65, 0.65 ]
        },
        "thirdperson_righthand": {
            "rotation": [ 0, 0, 0 ],
            "translation": [ -0.5, 8.5, 2 ],
            "scale": [ 0.9, 0.9, 0.9 ]
        },
        "gui": {
            "rotation": [ 45, 25, -45 ],
            "translation": [ 0, 0, 0 ],
            "scale": [ 0.6, 0.6, 0.6 ]
        }
    },
    "elements": [
        {
            "from": [7,-11,7],
            "to": [9,5,9],
            "faces": {
                "down": {
                    "uv": [12,14,14,16],
                    "texture": "#wand1"
                },
                "west": {
                    "uv": [12,0,14,16],
                    "texture": "#wand1"
                },
                "east": {
                    "uv": [12,0,14,16],
                    "texture": "#wand1"
                },
                "north": {
                    "uv": [12,0,14,16],
                    "texture": "#wand1"
                },
                "south": {
                    "uv": [12,0,14,16],
                    "texture": "#wand1"
                }
            }
        },
        {
            "from": [5,-10,7.5],
            "to": [11,-9,8.5],
            "faces": {
                "up": {
                    "uv": [10,14,16,15],
                    "texture": "#wand1"
                },
                "down": {
                    "uv": [10,14,16,15],
                    "texture": "#wand1"
                },
                "west": {
                    "uv": [10,14,11,15],
                    "texture": "#wand1"
                },
                "east": {
                    "uv": [15,14,16,15],
                    "texture": "#wand1"
                },
                "north": {
                    "uv": [10,14,16,15],
                    "texture": "#wand1"
                },
                "south": {
                    "uv": [10,14,16,15],
                    "texture": "#wand1"
                }
            }
        },
        {
            "from": [7.5,-10,5],
            "to": [8.5,-9,11],
            "faces": {
                "up": {
                    "uv": [10,14,16,15],
                    "texture": "#wand1",
                    "rotation": 90
                },
                "down": {
                    "uv": [10,14,16,15],
                    "texture": "#wand1",
                    "rotation": 90
                },
                "west": {
                    "uv": [10,14,16,15],
                    "texture": "#wand1"
                },
                "east": {
                    "uv": [10,14,16,15],
                    "texture": "#wand1"
                },
                "north": {
                    "uv": [15,14,16,15],
                    "texture": "#wand1"
                },
                "south": {
                    "uv": [10,14,11,15],
                    "texture": "#wand1"
                }
            }
        },
        {
            "from": [5,-9,7.5],
            "to": [6,-8,8.5],
            "faces": {
                "up": {
                    "uv": [15,13,16,14],
                    "texture": "#wand1"
                },
                "west": {
                    "uv": [15,13,16,14],
                    "texture": "#wand1"
                },
                "east": {
                    "uv": [15,13,16,14],
                    "texture": "#wand1"
                },
                "north": {
                    "uv": [15,13,16,14],
                    "texture": "#wand1"
                },
                "south": {
                    "uv": [15,13,16,14],
                    "texture": "#wand1"
                }
            }
        },
        {
            "from": [10,-9,7.5],
            "to": [11,-8,8.5],
            "faces": {
                "up": {
                    "uv": [10,13,11,14],
                    "texture": "#wand1"
                },
                "west": {
                    "uv": [10,13,11,14],
                    "texture": "#wand1"
                },
                "east": {
                    "uv": [10,13,11,14],
                    "texture": "#wand1"
                },
                "north": {
                    "uv": [10,13,11,14],
                    "texture": "#wand1"
                },
                "south": {
                    "uv": [10,13,11,14],
                    "texture": "#wand1"
                }
            }
        },
        {
            "from": [7.5,-9,5],
            "to": [8.5,-8,6],
            "faces": {
                "up": {
                    "uv": [15,13,16,14],
                    "texture": "#wand1"
                },
                "west": {
                    "uv": [15,13,16,14],
                    "texture": "#wand1"
                },
                "east": {
                    "uv": [15,13,16,14],
                    "texture": "#wand1"
                },
                "north": {
                    "uv": [15,13,16,14],
                    "texture": "#wand1"
                },
                "south": {
                    "uv": [15,13,16,14],
                    "texture": "#wand1"
                }
            }
        },
        {
            "from": [7.5,-9,10],
            "to": [8.5,-8,11],
            "faces": {
                "up": {
                    "uv": [10,13,11,14],
                    "texture": "#wand1"
                },
                "west": {
                    "uv": [10,13,11,14],
                    "texture": "#wand1"
                },
                "east": {
                    "uv": [10,13,11,14],
                    "texture": "#wand1"
                },
                "north": {
                    "uv": [10,13,11,14],
                    "texture": "#wand1"
                },
                "south": {
                    "uv": [10,13,11,14],
                    "texture": "#wand1"
                }
            }
        },
        {
            "from": [6,1,6],
            "to": [10,3,10],
            "faces": {
                "up": {
                    "uv": [2,1,6,5],
                    "texture": "#wand1"
                },
                "down": {
                    "uv": [2,1,6,5],
                    "texture": "#wand1"
                },
                "west": {
                    "uv": [11,2,15,4],
                    "texture": "#wand1"
                },
                "east": {
                    "uv": [11,2,15,4],
                    "texture": "#wand1"
                },
                "north": {
                    "uv": [11,2,15,4],
                    "texture": "#wand1"
                },
                "south": {
                    "uv": [11,2,15,4],
                    "texture": "#wand1"
                }
            }
        },
        {
            "from": [6,9,6],
            "to": [10,10,10],
            "faces": {
                "up": {
                    "uv": [2,1,6,5],
                    "texture": "#wand1"
                },
                "down": {
                    "uv": [2,1,6,5],
                    "texture": "#wand1"
                },
                "west": {
                    "uv": [2,12,6,13],
                    "texture": "#wand1"
                },
                "east": {
                    "uv": [2,12,6,13],
                    "texture": "#wand1"
                },
                "north": {
                    "uv": [2,12,6,13],
                    "texture": "#wand1"
                },
                "south": {
                    "uv": [2,12,6,13],
                    "texture": "#wand1"
                }
            }
        },
        {
            "from": [6,10,6],
            "to": [10,11,10],
            "faces": {
                "up": {
                    "uv": [2,1,6,5],
                    "texture": "#wand1"
                },
                "down": {
                    "uv": [2,1,6,5],
                    "texture": "#wand1"
                },
                "west": {
                    "uv": [2,10,6,11],
                    "texture": "#wand1"
                },
                "east": {
                    "uv": [2,10,6,11],
                    "texture": "#wand1"
                },
                "north": {
                    "uv": [2,10,6,11],
                    "texture": "#wand1"
                },
                "south": {
                    "uv": [2,10,6,11],
                    "texture": "#wand1"
                }
            }
        },
        {
            "from": [6,13,6],
            "to": [10,15,10],
            "faces": {
                "up": {
                    "uv": [2,1,6,5],
                    "texture": "#wand1"
                },
                "down": {
                    "uv": [2,1,6,5],
                    "texture": "#wand1"
                },
                "west": {
                    "uv": [2,6,6,8],
                    "texture": "#wand1"
                },
                "east": {
                    "uv": [2,6,6,8],
                    "texture": "#wand1"
                },
                "north": {
                    "uv": [2,6,6,8],
                    "texture": "#wand1"
                },
                "south": {
                    "uv": [2,6,6,8],
                    "texture": "#wand1"
                }
            }
        },
        {
            "from": [7,5,7],
            "to": [9,16,9],
            "faces": {
                "west": {
                    "uv": [3,5,5,16],
                    "texture": "#wand1"
                },
                "east": {
                    "uv": [3,5,5,16],
                    "texture": "#wand1"
                },
                "north": {
                    "uv": [3,5,5,16],
                    "texture": "#wand1"
                },
                "south": {
                    "uv": [3,5,5,16],
                    "texture": "#wand1"
                }
            }
        },
        {
            "from": [4,11,7],
            "to": [12,13,9],
            "faces": {
                "up": {
                    "uv": [0,8,8,10],
                    "texture": "#wand1"
                },
                "down": {
                    "uv": [0,8,8,10],
                    "texture": "#wand1"
                },
                "west": {
                    "uv": [3,8,5,10],
                    "texture": "#wand1"
                },
                "east": {
                    "uv": [3,8,5,10],
                    "texture": "#wand1"
                },
                "north": {
                    "uv": [0,8,8,10],
                    "texture": "#wand1"
                },
                "south": {
                    "uv": [0,8,8,10],
                    "texture": "#wand1"
                }
            }
        },
        {
            "from": [7,11,4],
            "to": [9,13,12],
            "faces": {
                "up": {
                    "uv": [0,8,8,10],
                    "texture": "#wand1",
                    "rotation": 90
                },
                "down": {
                    "uv": [0,8,8,10],
                    "texture": "#wand1",
                    "rotation": 90
                },
                "west": {
                    "uv": [0,8,8,10],
                    "texture": "#wand1"
                },
                "east": {
                    "uv": [0,8,8,10],
                    "texture": "#wand1"
                },
                "north": {
                    "uv": [3,8,5,10],
                    "texture": "#wand1"
                },
                "south": {
                    "uv": [3,8,5,10],
                    "texture": "#wand1"
                }
            }
        },
        {
            "from": [6,17,6],
            "to": [10,21,10],
            "faces": {
                "up": {
                    "uv": [3,0,5,1],
                    "texture": "#wand1"
                },
                "west": {
                    "uv": [2,0,6,4],
                    "texture": "#wand1"
                },
                "east": {
                    "uv": [2,0,6,4],
                    "texture": "#wand1"
                },
                "north": {
                    "uv": [2,0,6,4],
                    "texture": "#wand1"
                },
                "south": {
                    "uv": [2,0,6,4],
                    "texture": "#wand1"
                }
            }
        },
        {
            "from": [5,16,6],
            "to": [11,20,10],
            "faces": {
                "up": {
                    "uv": [1,1,7,2],
                    "texture": "#wand1"
                },
                "down": {
                    "uv": [3,4,5,5],
                    "texture": "#wand1"
                },
                "west": {
                    "uv": [2,1,6,5],
                    "texture": "#wand1"
                },
                "east": {
                    "uv": [2,1,6,5],
                    "texture": "#wand1"
                },
                "north": {
                    "uv": [1,1,7,5],
                    "texture": "#wand1"
                },
                "south": {
                    "uv": [1,1,7,5],
                    "texture": "#wand1"
                }
            }
        },
        {
            "from": [6,16,5],
            "to": [10,20,11],
            "faces": {
                "up": {
                    "uv": [1,1,7,2],
                    "texture": "#wand1",
                    "rotation": 90
                },
                "down": {
                    "uv": [3,4,5,5],
                    "texture": "#wand1",
                    "rotation": 90
                },
                "west": {
                    "uv": [1,1,7,5],
                    "texture": "#wand1"
                },
                "east": {
                    "uv": [1,1,7,5],
                    "texture": "#wand1"
                },
                "north": {
                    "uv": [2,1,6,5],
                    "texture": "#wand1"
                },
                "south": {
                    "uv": [2,1,6,5],
                    "texture": "#wand1"
                }
            }
        },
        {
            "from": [6,23,5],
            "to": [10,27,11],
            "faces": {
                "up": {
                    "uv": [6,5,10,11],
                    "texture": "#wand2"
                },
                "down": {
                    "uv": [6,5,10,11],
                    "texture": "#wand2"
                },
                "west": {
                    "uv": [5,6,11,10],
                    "texture": "#wand2"
                },
                "east": {
                    "uv": [5,6,11,10],
                    "texture": "#wand2"
                },
                "north": {
                    "uv": [6,6,10,10],
                    "texture": "#wand2"
                },
                "south": {
                    "uv": [6,6,10,10],
                    "texture": "#wand2"
                }
            }
        },
        {
            "from": [5,23,6],
            "to": [11,27,10],
            "faces": {
                "up": {
                    "uv": [5,6,11,10],
                    "texture": "#wand2"
                },
                "down": {
                    "uv": [5,6,11,10],
                    "texture": "#wand2"
                },
                "west": {
                    "uv": [6,6,10,10],
                    "texture": "#wand2"
                },
                "east": {
                    "uv": [6,6,10,10],
                    "texture": "#wand2"
                },
                "north": {
                    "uv": [5,6,11,10],
                    "texture": "#wand2"
                },
                "south": {
                    "uv": [5,6,11,10],
                    "texture": "#wand2"
                }
            }
        },
        {
            "from": [6,22,6],
            "to": [10,28,10],
            "faces": {
                "up": {
                    "uv": [6,6,10,10],
                    "texture": "#wand2"
                },
                "down": {
                    "uv": [6,6,10,10],
                    "texture": "#wand2"
                },
                "west": {
                    "uv": [6,5,10,11],
                    "texture": "#wand2"
                },
                "east": {
                    "uv": [6,5,10,11],
                    "texture": "#wand2"
                },
                "north": {
                    "uv": [6,5,10,11],
                    "texture": "#wand2"
                },
                "south": {
                    "uv": [6,5,10,11],
                    "texture": "#wand2"
                }
            }
        },
        {
            "from": [10,17,7.5],
            "to": [17,19,8.5],
            "faces": {
                "up": {
                    "uv": [0,0,7,1],
                    "texture": "#wand2"
                },
                "down": {
                    "uv": [0,1,7,2],
                    "texture": "#wand2"
                },
                "east": {
                    "uv": [7,0,8,2],
                    "texture": "#wand2"
                },
                "north": {
                    "uv": [7,3,0,5],
                    "texture": "#wand2"
                },
                "south": {
                    "uv": [0,3,7,5],
                    "texture": "#wand2"
                }
            }
        },
        {
            "from": [-1,17,7.5],
            "to": [6,19,8.5],
            "faces": {
                "up": {
                    "uv": [0,0,7,1],
                    "texture": "#wand2"
                },
                "down": {
                    "uv": [0,1,7,2],
                    "texture": "#wand2"
                },
                "west": {
                    "uv": [7,0,8,2],
                    "texture": "#wand2"
                },
                "north": {
                    "uv": [0,3,7,5],
                    "texture": "#wand2"
                },
                "south": {
                    "uv": [7,3,0,5],
                    "texture": "#wand2"
                }
            }
        },
        {
            "from": [7.5,17,10],
            "to": [8.5,19,17],
            "faces": {
                "up": {
                    "uv": [0,0,7,1],
                    "texture": "#wand2",
                    "rotation": 90
                },
                "down": {
                    "uv": [0,1,7,2],
                    "texture": "#wand2",
                    "rotation": 90
                },
                "west": {
                    "uv": [0,3,7,5],
                    "texture": "#wand2"
                },
                "east": {
                    "uv": [7,3,0,5],
                    "texture": "#wand2"
                },
                "south": {
                    "uv": [7,0,8,2],
                    "texture": "#wand2"
                }
            }
        },
        {
            "from": [7.5,17,-1],
            "to": [8.5,19,6],
            "faces": {
                "up": {
                    "uv": [0,0,7,1],
                    "texture": "#wand2",
                    "rotation": 90
                },
                "down": {
                    "uv": [0,1,7,2],
                    "texture": "#wand2",
                    "rotation": 90
                },
                "west": {
                    "uv": [7,3,0,5],
                    "texture": "#wand2"
                },
                "east": {
                    "uv": [0,3,7,5],
                    "texture": "#wand2"
                },
                "north": {
                    "uv": [7,0,8,2],
                    "texture": "#wand2"
                }
            }
        },
        {
            "from": [7.5,18,16],
            "to": [8.5,20,18],
            "faces": {
                "up": {
                    "uv": [6,0,8,1],
                    "texture": "#wand2"
                },
                "down": {
                    "uv": [6,1,8,2],
                    "texture": "#wand2"
                },
                "west": {
                    "uv": [6,2,8,4],
                    "texture": "#wand2"
                },
                "east": {
                    "uv": [8,2,6,4],
                    "texture": "#wand2"
                },
                "north": {
                    "uv": [6,0,8,2],
                    "texture": "#wand2"
                },
                "south": {
                    "uv": [7,0,8,2],
                    "texture": "#wand2"
                }
            }
        },
        {
            "from": [7.5,18,-2],
            "to": [8.5,20,0],
            "faces": {
                "up": {
                    "uv": [6,0,8,1],
                    "texture": "#wand2"
                },
                "down": {
                    "uv": [6,1,8,2],
                    "texture": "#wand2",
                    "rotation": 90
                },
                "west": {
                    "uv": [8,2,6,4],
                    "texture": "#wand2"
                },
                "east": {
                    "uv": [6,2,8,4],
                    "texture": "#wand2"
                },
                "north": {
                    "uv": [7,0,8,2],
                    "texture": "#wand2"
                },
                "south": {
                    "uv": [6,0,8,2],
                    "texture": "#wand2"
                }
            }
        },
        {
            "from": [16,18,7.5],
            "to": [18,20,8.5],
            "faces": {
                "up": {
                    "uv": [6,0,8,1],
                    "texture": "#wand2"
                },
                "down": {
                    "uv": [6,1,8,2],
                    "texture": "#wand2"
                },
                "west": {
                    "uv": [6,0,8,2],
                    "texture": "#wand2"
                },
                "east": {
                    "uv": [7,0,8,2],
                    "texture": "#wand2"
                },
                "north": {
                    "uv": [8,2,6,4],
                    "texture": "#wand2"
                },
                "south": {
                    "uv": [6,2,8,4],
                    "texture": "#wand2"
                }
            }
        },
        {
            "from": [-2,18,7.5],
            "to": [0,20,8.5],
            "faces": {
                "up": {
                    "uv": [6,0,8,1],
                    "texture": "#wand2"
                },
                "down": {
                    "uv": [6,1,8,2],
                    "texture": "#wand2"
                },
                "west": {
                    "uv": [7,0,8,2],
                    "texture": "#wand2"
                },
                "east": {
                    "uv": [6,0,8,2],
                    "texture": "#wand2"
                },
                "north": {
                    "uv": [6,2,8,4],
                    "texture": "#wand2"
                },
                "south": {
                    "uv": [8,2,6,4],
                    "texture": "#wand2"
                }
            }
        },
        {
            "from": [9,20,7.75],
            "to": [17,28,8.25],
            "shade": false,
            "rotation": { "origin": [ 8, 22, 8 ], "axis": "z", "angle": -22.5, "rescale": false },
            "faces": {
                "north": {
                    "uv": [ 0, 0, 16, 16 ],
                    "texture": "#bolt"
                },
                "south": {
                    "uv": [ 0, 0, 16, 16 ],
                    "texture": "#bolt"
                }
            }
        },
        {
            "from": [-1,20,7.75],
            "to": [7,28,8.25],
            "shade": false,
            "rotation": { "origin": [ 8, 22, 8 ], "axis": "z", "angle": 22.5, "rescale": false },
            "faces": {
                "north": {
                    "uv": [ 0, 0, 16, 16 ],
                    "texture": "#bolt"
                },
                "south": {
                    "uv": [ 0, 0, 16, 16 ],
                    "texture": "#bolt"
                }
            }
        },
        {
            "from": [7.75,20,9],
            "to": [8.25,28,17],
            "shade": false,
            "rotation": { "origin": [ 8, 22, 8 ], "axis": "x", "angle": 22.5, "rescale": false },
            "faces": {
                "west": {
                    "uv": [ 0, 0, 16, 16 ],
                    "texture": "#bolt"
                },
                "east": {
                    "uv": [ 0, 0, 16, 16 ],
                    "texture": "#bolt"
                }
            }
        },
        {
            "from": [7.75,20,-1],
            "to": [8.25,28,7],
            "shade": false,
            "rotation": { "origin": [ 8, 22, 8 ], "axis": "x", "angle": -22.5, "rescale": false },
            "faces": {
                "west": {
                    "uv": [ 0, 0, 16, 16 ],
                    "texture": "#bolt"
                },
                "east": {
                    "uv": [ 0, 0, 16, 16 ],
                    "texture": "#bolt"
                }
            }
        }
    ]
}