{
    "__createdwith": "opl's Model Creator",
    "ambientocclusion": false,
    "textures": {
        "wand": "items/thunder1"
    },
    "display": {
        "firstperson_righthand": {
            "rotation": [ -5, 0, 0 ],
            "translation": [ 2, 4, 0 ],
            "scale": [ 0.7, 0.7, 0.7 ]
        },
        "thirdperson_righthand": {
            "rotation": [ 10, 0, 0 ],
            "translation": [ -0.5, 5, 2.5 ],
            "scale": [ 0.9, 0.9, 0.9 ]
        },
        "gui": {
            "rotation": [ 45, 25, -45 ],
            "translation": [ 1, 1, 0 ],
            "scale": [ 0.7, 0.7, 0.7 ]
        },
        "ground": {
            "rotation": [ 0, 0, 0 ],
            "translation": [ 0, 4, 0 ],
            "scale": [ 0.5, 0.5, 0.5 ]
        }
    },
    "elements": [
        {
            "from": [7,16,7],
            "to": [9,18,9],
            "faces": {
                "up": {
                    "uv": [1,0,3,2],
                    "texture": "#wand"
                },
                "west": {
                    "uv": [1,0,3,2],
                    "texture": "#wand"
                },
                "east": {
                    "uv": [1,0,3,2],
                    "texture": "#wand"
                },
                "north": {
                    "uv": [1,0,3,2],
                    "texture": "#wand"
                },
                "south": {
                    "uv": [1,0,3,2],
                    "texture": "#wand"
                }
            }
        },
        {
            "from": [6.75,14,6.75],
            "to": [9.25,16,9.25],
            "faces": {
                "up": {
                    "uv": [1,2,3,4],
                    "texture": "#wand"
                },
                "down": {
                    "uv": [1,2,3,4],
                    "texture": "#wand"
                },
                "west": {
                    "uv": [1,2,3,4],
                    "texture": "#wand"
                },
                "east": {
                    "uv": [1,2,3,4],
                    "texture": "#wand"
                },
                "north": {
                    "uv": [1,2,3,4],
                    "texture": "#wand"
                },
                "south": {
                    "uv": [1,2,3,4],
                    "texture": "#wand"
                }
            }
        },
        {
            "from": [7,9,7],
            "to": [9,14,9],
            "faces": {
                "west": {
                    "uv": [7,11,9,16],
                    "texture": "#wand"
                },
                "east": {
                    "uv": [7,11,9,16],
                    "texture": "#wand"
                },
                "north": {
                    "uv": [7,11,9,16],
                    "texture": "#wand"
                },
                "south": {
                    "uv": [7,11,9,16],
                    "texture": "#wand"
                }
            }
        },
        {
            "from": [7,-7,7],
            "to": [9,9,9],
            "faces": {
                "down": {
                    "uv": [1,2,3,4],
                    "texture": "#wand"
                },
                "west": {
                    "uv": [7,0,9,16],
                    "texture": "#wand"
                },
                "east": {
                    "uv": [7,0,9,16],
                    "texture": "#wand"
                },
                "north": {
                    "uv": [7,0,9,16],
                    "texture": "#wand"
                },
                "south": {
                    "uv": [7,0,9,16],
                    "texture": "#wand"
                }
            }
        },
        {
            "from": [7.25,-8.5,7.25],
            "to": [8.75,-7,8.75],
            "faces": {
                "down": {
                    "uv": [1,0,3,2],
                    "texture": "#wand"
                },
                "west": {
                    "uv": [1,0,3,2],
                    "texture": "#wand"
                },
                "east": {
                    "uv": [1,0,3,2],
                    "texture": "#wand"
                },
                "north": {
                    "uv": [1,0,3,2],
                    "texture": "#wand"
                },
                "south": {
                    "uv": [1,0,3,2],
                    "texture": "#wand"
                }
            }
        }
    ]
}